[
  { "id": "0001","title": "東京ロマンスポルノ vol.3","date": "1999-12-04", "venue": "渋谷ON AIR WEST",    "prefecture": "東京都"   },
  { "id": "0002", "title": "Tour 08452 〜Welcome to my heart〜", "date": "2000-03-18", "venue": "名古屋ボトムライン", "prefecture": "愛知県" },
  { "id": "0003", "title": "Tour 08452 〜Welcome to my heart〜", "date": "2000-03-24", "venue": "渋谷ON AIR EAST", "prefecture": "東京都" },
  { "id": "0004", "title": "Tour 08452 〜Welcome to my heart〜", "date": "2000-03-26", "venue": "心斎橋クラブクアトロ", "prefecture": "大阪府" },
  { "id": "0005", "title": "Tour 08452 〜Welcome to my heart〜", "date": "2000-03-29", "venue": "広島ナミキジャンクション", "prefecture": "広島県" },
  { "id": "0006", "title": "Tour 08452 〜Welcome to my heart〜", "date": "2000-03-30", "venue": "広島ナミキジャンクション", "prefecture": "広島県" },
  { "id": "0007", "title": "Tour 08452 〜Welcome to my heart〜", "date": "2000-04-01", "venue": "福岡ドラムロゴス", "prefecture": "福岡県" },
  { "id": "0008", "title": "Tour 08452 〜Welcome to my heart〜", "date": "2000-04-02", "venue": "神戸チキンジョージ", "prefecture": "兵庫県" },
  { "id": "0009", "title": "Tour 08452 〜Welcome to my heart〜", "date": "2000-04-04", "venue": "松山サロンキティ", "prefecture": "愛媛県" },
  { "id": "0010", "title": "Tour 08452 〜Welcome to my heart〜", "date": "2000-04-05", "venue": "高知キャラバンサライ", "prefecture": "高知県" },
  { "id": "0011", "title": "Tour 08452 〜Welcome to my heart〜", "date": "2000-04-08", "venue": "札幌ペニーレーン24", "prefecture": "北海道" },
  { "id": "0012", "title": "Tour 08452 〜Welcome to my heart〜", "date": "2000-04-10", "venue": "仙台ビーブベースメントシアター", "prefecture": "宮城県" },
  { "id": "0013", "title": "Tour 08452 〜Welcome to my heart〜", "date": "2000-04-20", "venue": "渋谷ON AIR EAST", "prefecture": "東京都" },
  { "id": "0014", "title": "東京ロマンスポルノ vol.4 ”横G”",  "date": "2000-06-17",  "venue": "渋谷公会堂",  "prefecture": "東京都"},
  {"id": "0015",    "title": "D4-33-4",    "date": "2000-09-24",    "venue": "松山市民会館",    "prefecture": "愛媛県"  },
  {    "id": "0016",    "title": "D4-33-4",    "date": "2000-09-25",    "venue": "広島アステールプラザ",    "prefecture": "広島県"  },
  {    "id": "0017",    "title": "D4-33-4",    "date": "2000-09-28",    "venue": "鹿児島県文化センター",    "prefecture": "鹿児島県"  },
  {    "id": "0018",    "title": "D4-33-4",    "date": "2000-10-03",    "venue": "名古屋E.L.L（SPECIAL LIVE HOUSE公演）",    "prefecture": "愛知県"  },
  {    "id": "0019",    "title": "D4-33-4",    "date": "2000-10-04",    "venue": "静岡市民文化会館",    "prefecture": "静岡県"  },
  {    "id": "0020",    "title": "D4-33-4",    "date": "2000-10-07",    "venue": "Zepp Sendai",    "prefecture": "宮城県"  },
  {    "id": "0021",    "title": "D4-33-4",    "date": "2000-10-10",    "venue": "金沢市文化ホール",    "prefecture": "石川県"  },
  {    "id": "0022",    "title": "D4-33-4",    "date": "2000-10-11",    "venue": "新潟フェイズ",    "prefecture": "新潟県"  },
  {    "id": "0023",    "title": "D4-33-4",    "date": "2000-10-15",    "venue": "Zepp Fukuoka",    "prefecture": "福岡県"  },
  {    "id": "0024",    "title": "D4-33-4",    "date": "2000-10-18",    "venue": "札幌ファクトリーホール",    "prefecture": "北海道" },
  {    "id": "0025",    "title": "D4-33-4",    "date": "2000-10-20",    "venue": "大阪厚生年金会館",    "prefecture": "大阪府"  },
  {    "id": "0026",    "title": "D4-33-4",    "date": "2000-10-22",    "venue": "名古屋市公会堂",    "prefecture": "愛知県"  },
  {    "id": "0027",    "title": "D4-33-4",    "date": "2000-10-24",    "venue": "渋谷公会堂",    "prefecture": "東京都"  },
  {    "id": "0028",    "title": "D4-33-4",    "date": "2000-10-25",    "venue": "渋谷公会堂",    "prefecture": "東京都"  },
  { "id": "0029", "date": "2001-03-30", "title": "ジャパンツアー", "venue": "長野県民文化会館", "pref": "長野県" },
  { "id": "0030", "date": "2001-03-31", "title": "ジャパンツアー", "venue": "大宮ソニックシティ", "pref": "埼玉県" },
  { "id": "0031", "date": "2001-04-04", "title": "ジャパンツアー", "venue": "神奈川県民ホール", "pref": "神奈川県" },
  { "id": "0032", "date": "2001-04-07", "title": "ジャパンツアー", "venue": "札幌市民会館", "pref": "北海道" },
  { "id": "0033", "date": "2001-04-08", "title": "ジャパンツアー", "venue": "旭川市民文化会館", "pref": "北海道" },
  { "id": "0034", "date": "2001-04-10", "title": "ジャパンツアー", "venue": "岩手県民会館", "pref": "岩手県" },
  { "id": "0035", "date": "2001-04-11", "title": "ジャパンツアー", "venue": "青森市文化会館", "pref": "青森県" },
  { "id": "0036", "date": "2001-04-13", "title": "ジャパンツアー", "venue": "郡山市民文化センター", "pref": "福島県" },
  { "id": "0037", "date": "2001-04-14", "title": "ジャパンツアー", "venue": "仙台サンプラザホール", "pref": "宮城県" },
  { "id": "0038", "date": "2001-04-17", "title": "ジャパンツアー", "venue": "鳥取県立県民文化会館", "pref": "鳥取県" },
  { "id": "0039", "date": "2001-04-19", "title": "ジャパンツアー", "venue": "倉敷市民会館", "pref": "岡山県" },
  { "id": "0040", "date": "2001-04-20", "title": "ジャパンツアー", "venue": "広島厚生年金会館", "pref": "広島県" },
  { "id": "0041", "date": "2001-04-23", "title": "ジャパンツアー", "venue": "徳島市立文化センター", "pref": "徳島県" },
  { "id": "0042", "date": "2001-04-25", "title": "ジャパンツアー", "venue": "高知県立県民文化ホール", "pref": "高知県" },
  { "id": "0043", "date": "2001-04-28", "title": "ジャパンツアー", "venue": "渋谷公会堂", "pref": "東京都" },
  { "id": "0044", "date": "2001-04-29", "title": "ジャパンツアー", "venue": "渋谷公会堂", "pref": "東京都" },
  { "id": "0045", "date": "2001-05-01", "title": "ジャパンツアー", "venue": "渋谷公会堂", "pref": "東京都" },
  { "id": "0046", "date": "2001-05-02", "title": "ジャパンツアー", "venue": "渋谷公会堂", "pref": "東京都" },
  { "id": "0047", "date": "2001-05-05", "title": "ジャパンツアー", "venue": "石川厚生年金会館", "pref": "石川県" },
  { "id": "0048", "date": "2001-05-06", "title": "ジャパンツアー", "venue": "新潟県民会館", "pref": "新潟県" },
  { "id": "0049", "date": "2001-05-09", "title": "ジャパンツアー", "venue": "アクトシティ浜松", "pref": "静岡県" },
  { "id": "0050", "date": "2001-05-10", "title": "ジャパンツアー", "venue": "静岡市民文化会館", "pref": "静岡県" },
  { "id": "0051", "date": "2001-05-13", "title": "ジャパンツアー", "venue": "名古屋センチュリーホール", "pref": "愛知県" },
  { "id": "0052", "date": "2001-05-14", "title": "ジャパンツアー", "venue": "名古屋センチュリーホール", "pref": "愛知県" },
  { "id": "0053", "date": "2001-05-16", "title": "ジャパンツアー", "venue": "三重県総合文化センター", "pref": "三重県" },
  { "id": "0054", "date": "2001-05-18", "title": "ジャパンツアー", "venue": "長良川国際会議場", "pref": "岐阜県" },
  { "id": "0055", "date": "2001-05-21", "title": "ジャパンツアー", "venue": "愛媛県県民文化会館", "pref": "愛媛県" },
  { "id": "0056", "date": "2001-05-23", "title": "ジャパンツアー", "venue": "香川県県民ホール", "pref": "香川県" },
  { "id": "0057", "date": "2001-05-25", "title": "ジャパンツアー", "venue": "福岡サンパレス", "pref": "福岡県" },
  { "id": "0058", "date": "2001-05-26", "title": "ジャパンツアー", "venue": "長崎ブリックホール", "pref": "長崎県" },
  { "id": "0059", "date": "2001-05-28", "title": "ジャパンツアー", "venue": "熊本市民会館", "pref": "熊本県" },
  { "id": "0060", "date": "2001-05-29", "title": "ジャパンツアー", "venue": "鹿児島市民文化ホール", "pref": "鹿児島県" },
  { "id": "0061", "date": "2001-05-31", "title": "ジャパンツアー", "venue": "フェスティバルホール", "pref": "大阪府" },
  { "id": "0062", "date": "2001-06-01", "title": "ジャパンツアー", "venue": "フェスティバルホール", "pref": "大阪府" },
  { "id": "0063", "date": "2001-06-03", "title": "ジャパンツアー", "venue": "神戸チキンジョージ（SPECIAL LIVE HOUSE公演）", "pref": "兵庫県" },
  { "id": "0064", "date": "2001-11-29", "title": "Cupid (is painted blind)", "venue": "石川厚生年金会館", "pref": "石川県" },
  { "id": "0065", "date": "2001-11-30", "title": "Cupid (is painted blind)", "venue": "石川厚生年金会館", "pref": "石川県" },
  { "id": "0066", "date": "2001-12-03", "title": "Cupid (is painted blind)", "venue": "愛媛県県民文化会館", "pref": "愛媛県" },
  { "id": "0067", "date": "2001-12-04", "title": "Cupid (is painted blind)", "venue": "愛媛県県民文化会館", "pref": "愛媛県" },
  { "id": "0068", "date": "2001-12-13", "title": "Cupid (is painted blind)", "venue": "国立代々木競技場 第一体育館", "pref": "東京都" },
  { "id": "0069", "date": "2001-12-14", "title": "Cupid (is painted blind)", "venue": "国立代々木競技場 第一体育館", "pref": "東京都" },
  { "id": "0070", "date": "2001-12-16", "title": "Cupid (is painted blind)", "venue": "仙台サンプラザホール", "pref": "宮城県" },
  { "id": "0071", "date": "2001-12-17", "title": "Cupid (is painted blind)", "venue": "仙台サンプラザホール", "pref": "宮城県" },
  { "id": "0072", "date": "2001-12-24", "title": "Cupid (is painted blind)", "venue": "大阪城ホール", "pref": "大阪府" },
  { "id": "0073", "date": "2001-12-25", "title": "Cupid (is painted blind)", "venue": "大阪城ホール", "pref": "大阪府" },
  { "id": "0074", "date": "2001-12-27", "title": "Cupid (is painted blind)", "venue": "名古屋レインボーホール", "pref": "愛知県" },
  { "id": "0075", "date": "2001-12-29", "title": "Cupid (is painted blind)", "venue": "名古屋レインボーホール", "pref": "愛知県" },
  { "id": "0076", "date": "2002-01-05", "title": "Cupid (is painted blind)", "venue": "広島厚生年金会館", "pref": "広島県" },
  { "id": "0077", "date": "2002-01-06", "title": "Cupid (is painted blind)", "venue": "広島厚生年金会館", "pref": "広島県" },
  { "id": "0078", "date": "2002-01-08", "title": "Cupid (is painted blind)", "venue": "福岡サンパレス", "pref": "福岡県" },
  { "id": "0079", "date": "2002-01-09", "title": "Cupid (is painted blind)", "venue": "福岡サンパレス", "pref": "福岡県" },
  { "id": "0080", "date": "2002-01-11", "title": "Cupid (is painted blind)", "venue": "福岡ドラムロゴス（SPECIAL LIVE HOUSE公演）", "pref": "福岡県" },
  { "id": "0081", "date": "2002-01-14", "title": "Cupid (is painted blind)", "venue": "北海道厚生年金会館", "pref": "北海道" },
  { "id": "0082", "date": "2002-01-15", "title": "Cupid (is painted blind)", "venue": "北海道厚生年金会館", "pref": "北海道" },
  { "id": "0083", "date": "2002-01-19", "title": "Cupid (is painted blind)", "venue": "横浜アリーナ", "pref": "神奈川県" },
  { "id": "0084", "date": "2002-01-20", "title": "Cupid (is painted blind)", "venue": "横浜アリーナ", "pref": "神奈川県" },
  { "id": "0085", "date": "2002-06-21", "title": "BITTER SWEET MUSIC BIZ", "venue": "NHKホール", "pref": "東京都" },
  { "id": "0086", "date": "2002-06-22", "title": "BITTER SWEET MUSIC BIZ", "venue": "NHKホール", "pref": "東京都" },
  { "id": "0087", "date": "2002-06-25", "title": "BITTER SWEET MUSIC BIZ", "venue": "高知県立県民文化ホール", "pref": "高知県" },
  { "id": "0088", "date": "2002-06-26", "title": "BITTER SWEET MUSIC BIZ", "venue": "愛媛県県民文化会館", "pref": "愛媛県" },
  { "id": "0089", "date": "2002-06-28", "title": "BITTER SWEET MUSIC BIZ", "venue": "香川県県民ホール", "pref": "香川県" },
  { "id": "0090", "date": "2002-07-01", "title": "BITTER SWEET MUSIC BIZ", "venue": "フェスティバルホール", "pref": "大阪府" },
  { "id": "0091", "date": "2002-07-02", "title": "BITTER SWEET MUSIC BIZ", "venue": "フェスティバルホール", "pref": "大阪府" },
  { "id": "0092", "date": "2002-07-04", "title": "BITTER SWEET MUSIC BIZ", "venue": "広島厚生年金会館", "pref": "広島県" },
  { "id": "0093", "date": "2002-07-05", "title": "BITTER SWEET MUSIC BIZ", "venue": "広島厚生年金会館", "pref": "広島県" },
  { "id": "0094", "date": "2002-07-07", "title": "BITTER SWEET MUSIC BIZ", "venue": "倉敷市民会館", "pref": "岡山県" },
  { "id": "0095", "date": "2002-07-09", "title": "BITTER SWEET MUSIC BIZ", "venue": "徳山市文化会館", "pref": "山口県" },
  { "id": "0096", "date": "2002-07-12", "title": "BITTER SWEET MUSIC BIZ", "venue": "長野県県民文化会館", "pref": "長野県" },
  { "id": "0097", "date": "2002-07-14", "title": "BITTER SWEET MUSIC BIZ", "venue": "神戸国際会館こくさいホール", "pref": "兵庫県" },
  { "id": "0098", "date": "2002-07-15", "title": "BITTER SWEET MUSIC BIZ", "venue": "なら100年会館", "pref": "奈良県" },
  { "id": "0099", "date": "2002-07-20", "title": "BITTER SWEET MUSIC BIZ", "venue": "名古屋センチュリーホール", "pref": "愛知県" },
  { "id": "0100", "date": "2002-07-21", "title": "BITTER SWEET MUSIC BIZ", "venue": "名古屋センチュリーホール", "pref": "愛知県" },
  { "id": "0101", "date": "2002-07-23", "title": "BITTER SWEET MUSIC BIZ", "venue": "三重県文化会館", "pref": "三重県" },
  { "id": "0102", "date": "2002-07-25", "title": "BITTER SWEET MUSIC BIZ", "venue": "長良川国際会議場", "pref": "岐阜県" },
  { "id": "0103", "date": "2002-07-30", "title": "BITTER SWEET MUSIC BIZ", "venue": "福岡サンパレス", "pref": "福岡県" },
  { "id": "0104", "date": "2002-07-31", "title": "BITTER SWEET MUSIC BIZ", "venue": "福岡サンパレス", "pref": "福岡県" },
  { "id": "0105", "date": "2002-08-02", "title": "BITTER SWEET MUSIC BIZ", "venue": "大宮ソニックシティ", "pref": "埼玉県" },
  { "id": "0106", "date": "2002-08-06", "title": "BITTER SWEET MUSIC BIZ", "venue": "石川厚生年金会館", "pref": "石川県" },
  { "id": "0107", "date": "2002-08-07", "title": "BITTER SWEET MUSIC BIZ", "venue": "石川厚生年金会館", "pref": "石川県" },
  { "id": "0108", "date": "2002-08-09", "title": "BITTER SWEET MUSIC BIZ", "venue": "新潟テルサ", "pref": "新潟県" },
  { "id": "0109", "date": "2002-08-12", "title": "BITTER SWEET MUSIC BIZ", "venue": "アクトシティ浜松", "pref": "静岡県" },
  { "id": "0110", "date": "2002-08-16", "title": "BITTER SWEET MUSIC BIZ", "venue": "神奈川県民ホール", "pref": "神奈川県" },
  { "id": "0111", "date": "2002-08-20", "title": "BITTER SWEET MUSIC BIZ", "venue": "北海道厚生年金会館", "pref": "北海道" },
  { "id": "0112", "date": "2002-08-21", "title": "BITTER SWEET MUSIC BIZ", "venue": "北海道厚生年金会館", "pref": "北海道" },
  { "id": "0113", "date": "2002-08-23", "title": "BITTER SWEET MUSIC BIZ", "venue": "北見市民会館", "pref": "北海道" },
  { "id": "0114", "date": "2002-08-25", "title": "BITTER SWEET MUSIC BIZ", "venue": "釧路市民会館", "pref": "北海道" },
  { "id": "0115", "date": "2002-08-27", "title": "BITTER SWEET MUSIC BIZ", "venue": "函館市民会館", "pref": "北海道" },
  { "id": "0116", "date": "2002-08-29", "title": "BITTER SWEET MUSIC BIZ", "venue": "岩手県民会館", "pref": "岩手県" },
  { "id": "0117", "date": "2002-08-31", "title": "BITTER SWEET MUSIC BIZ", "venue": "青森市文化会館", "pref": "青森県" },
  { "id": "0118", "date": "2002-09-01", "title": "BITTER SWEET MUSIC BIZ", "venue": "秋田県民会館", "pref": "秋田県" },
  { "id": "0119", "date": "2002-09-05", "title": "BITTER SWEET MUSIC BIZ", "venue": "静岡市民会館", "pref": "静岡県" },
  { "id": "0120", "date": "2002-09-06", "title": "BITTER SWEET MUSIC BIZ", "venue": "静岡市民会館", "pref": "静岡県" },
  { "id": "0121", "date": "2002-09-13", "title": "BITTER SWEET MUSIC BIZ", "venue": "熊本市民会館", "pref": "熊本県" },
  { "id": "0122", "date": "2002-09-14", "title": "BITTER SWEET MUSIC BIZ", "venue": "鹿児島市民文化ホール", "pref": "鹿児島県" },
  { "id": "0123", "date": "2002-09-17", "title": "BITTER SWEET MUSIC BIZ", "venue": "沖縄コンベンション劇場", "pref": "沖縄県" },
  { "id": "0124", "date": "2002-09-18", "title": "BITTER SWEET MUSIC BIZ", "venue": "沖縄コンベンション劇場", "pref": "沖縄県" },
  { "id": "0125", "date": "2002-09-24", "title": "BITTER SWEET MUSIC BIZ", "venue": "Zepp Sendai（SPECIAL LIVE HOUSE公演）", "pref": "宮城県" },
  { "id": "0126", "date": "2002-09-26", "title": "BITTER SWEET MUSIC BIZ", "venue": "仙台サンプラザホール", "pref": "宮城県" },
  { "id": "0127", "date": "2002-09-27", "title": "BITTER SWEET MUSIC BIZ", "venue": "仙台サンプラザホール", "pref": "宮城県" },
  { "id": "0128", "date": "2002-10-07", "title": "BITTER SWEET MUSIC BIZ", "venue": "日本武道館", "pref": "東京都" },
  { "id": "0129", "date": "2002-10-08", "title": "BITTER SWEET MUSIC BIZ", "venue": "日本武道館", "pref": "東京都" },
  { "id": "0130", "date": "2002-10-10", "title": "BITTER SWEET MUSIC BIZ", "venue": "日本武道館", "pref": "東京都" },
  { "id": "0131", "date": "2002-10-11", "title": "BITTER SWEET MUSIC BIZ", "venue": "日本武道館", "pref": "東京都" },
  { "id": "0132", "date": "2002-12-24", "title": "<s>BITTER</s> SWEET MUSIC <s>BIZ</s>", "venue": "大阪城ホール", "pref": "大阪府" },
  { "id": "0133", "date": "2002-12-25", "title": "<s>BITTER</s> SWEET MUSIC <s>BIZ</s>", "venue": "大阪城ホール", "pref": "大阪府" },
  { "id": "0134", "date": "2002-12-30", "title": "<s>BITTER</s> SWEET MUSIC <s>BIZ</s>", "venue": "東京体育館", "pref": "東京都" },
  { "id": "0135", "date": "2002-12-31", "title": "<s>BITTER</s> SWEET MUSIC <s>BIZ</s>", "venue": "東京体育館", "pref": "東京都" },
  { "id": "0136", "date": "2003-06-15", "title": "FANCLUB UNDERWORLD", "venue": "広島クラブクアトロ (夜公演)", "pref": "広島県" },
  { "id": "0137", "date": "2003-06-15", "title": "FANCLUB UNDERWORLD", "venue": "広島クラブクアトロ (昼公演)", "pref": "広島県" },
  { "id": "0138", "date": "2003-06-21", "title": "FANCLUB UNDERWORLD", "venue": "Zepp Fukuoka", "pref": "福岡県" },
  { "id": "0139", "date": "2003-06-22", "title": "FANCLUB UNDERWORLD", "venue": "EBC Vivit Hall (夜公演)", "pref": "愛媛県" },
  { "id": "0140", "date": "2003-06-22", "title": "FANCLUB UNDERWORLD", "venue": "EBC Vivit Hall (昼公演)", "pref": "愛媛県" },
  { "id": "0141", "date": "2003-06-25", "title": "FANCLUB UNDERWORLD", "venue": "Zepp Sapporo", "pref": "北海道" },
  { "id": "0142", "date": "2003-06-29", "title": "FANCLUB UNDERWORLD", "venue": "なんばHatch (夜公演)", "pref": "大阪府" },
  { "id": "0143", "date": "2003-06-29", "title": "FANCLUB UNDERWORLD", "venue": "なんばHatch (昼公演)", "pref": "大阪府" },
  { "id": "0144", "date": "2003-06-30", "title": "FANCLUB UNDERWORLD", "venue": "名古屋 Diamond Hall (夜公演)", "pref": "愛知県" },
  { "id": "0145", "date": "2003-06-30", "title": "FANCLUB UNDERWORLD", "venue": "名古屋 Diamond Hall (昼公演)", "pref": "愛知県" },
  { "id": "0146", "date": "2003-07-05", "title": "FANCLUB UNDERWORLD", "venue": "NIIGATA LOTS", "pref": "新潟県" },
  { "id": "0147", "date": "2003-07-06", "title": "FANCLUB UNDERWORLD", "venue": "Zepp Sendai", "pref": "宮城県" },
  { "id": "0148", "date": "2003-07-12", "title": "FANCLUB UNDERWORLD", "venue": "Zepp Tokyo (夜公演)", "pref": "東京都" },
  { "id": "0149", "date": "2003-07-12", "title": "FANCLUB UNDERWORLD", "venue": "Zepp Tokyo (昼公演)", "pref": "東京都" },
  { "id": "0150", "date": "2003-12-04", "title": "74ers", "venue": "さいたまスーパーアリーナ", "pref": "埼玉県" },
  { "id": "0151", "date": "2003-12-05", "title": "74ers", "venue": "さいたまスーパーアリーナ", "pref": "埼玉県" },
  { "id": "0152", "date": "2003-12-08", "title": "74ers", "venue": "北海道厚生年金会館", "pref": "北海道" },
  { "id": "0153", "date": "2003-12-09", "title": "74ers", "venue": "北海道厚生年金会館", "pref": "北海道" },
  { "id": "0154", "date": "2003-12-11", "title": "74ers", "venue": "仙台サンプラザホール", "pref": "宮城県" },
  { "id": "0155", "date": "2003-12-12", "title": "74ers", "venue": "仙台サンプラザホール", "pref": "宮城県" },
  { "id": "0156", "date": "2003-12-17", "title": "74ers", "venue": "名古屋レインボーホール", "pref": "愛知県" },
  { "id": "0157", "date": "2003-12-18", "title": "74ers", "venue": "名古屋レインボーホール", "pref": "愛知県" },
  { "id": "0158", "date": "2003-12-21", "title": "74ers", "venue": "大阪城ホール", "pref": "大阪府" },
  { "id": "0159", "date": "2003-12-22", "title": "74ers", "venue": "大阪城ホール", "pref": "大阪府" },
  { "id": "0160", "date": "2003-12-30", "title": "74ers", "venue": "東京体育館", "pref": "東京都" },
  { "id": "0161", "date": "2003-12-31", "title": "74ers", "venue": "東京体育館", "pref": "東京都" },
  { "id": "0162", "date": "2004-01-08", "title": "74ers", "venue": "福岡サンパレス", "pref": "福岡県" },
  { "id": "0163", "date": "2004-01-09", "title": "74ers", "venue": "福岡サンパレス", "pref": "福岡県" },
  { "id": "0164", "date": "2004-01-11", "title": "74ers", "venue": "広島厚生年金会館", "pref": "広島県" },
  { "id": "0165", "date": "2004-01-12", "title": "74ers", "venue": "広島厚生年金会館", "pref": "広島県" },
  { "id": "0166", "date": "2004-01-16", "title": "74ers", "venue": "松山市民会館", "pref": "愛媛県" },
  { "id": "0167", "date": "2004-01-17", "title": "74ers", "venue": "香川県県民ホール", "pref": "香川県" },
  { "id": "0168", "date": "2004-01-24", "title": "74ers", "venue": "新潟フェイズ（SPECIAL LIVE HOUSE公演）", "pref": "新潟県" },
  { "id": "0169", "date": "2004-01-26", "title": "74ers", "venue": "石川厚生年金会館", "pref": "石川県" },
  { "id": "0170", "date": "2004-01-27", "title": "74ers", "venue": "石川厚生年金会館", "pref": "石川県" },
  { "id": "0171", "date": "2004-11-09", "title": "FANCLUB UNDERWORLD 2", "venue": "広島クラブクアトロ (夜公演)", "pref": "広島県" },
  { "id": "0172", "date": "2004-11-09", "title": "FANCLUB UNDERWORLD 2", "venue": "広島クラブクアトロ (昼公演)", "pref": "広島県" },
  { "id": "0173", "date": "2004-11-11", "title": "FANCLUB UNDERWORLD 2", "venue": "Zepp Fukuoka", "pref": "福岡県" },
  { "id": "0174", "date": "2004-11-16", "title": "FANCLUB UNDERWORLD 2", "venue": "Zepp Sapporo", "pref": "北海道" },
  { "id": "0175", "date": "2004-11-18", "title": "FANCLUB UNDERWORLD 2", "venue": "Zepp Sendai", "pref": "宮城県" },
  { "id": "0176", "date": "2004-12-22", "title": "PURPLE'S", "venue": "大阪城ホール", "pref": "大阪府" },
  { "id": "0177", "date": "2004-12-23", "title": "PURPLE'S", "venue": "大阪城ホール", "pref": "大阪府" },
  { "id": "0178", "date": "2004-12-26", "title": "PURPLE'S", "venue": "愛知県体育館", "pref": "愛知県" },
  { "id": "0179", "date": "2004-12-27", "title": "PURPLE'S", "venue": "愛知県体育館", "pref": "愛知県" },
  { "id": "0180", "date": "2004-12-30", "title": "PURPLE'S", "venue": "東京体育館", "pref": "東京都" },
  { "id": "0181", "date": "2004-12-31", "title": "PURPLE'S", "venue": "東京体育館", "pref": "東京都" },
  { "id": "0182", "date": "2005-05-07", "title": "SWITCH", "venue": "大宮ソニックシティ", "prefecture": "埼玉県" },
  { "id": "0183", "date": "2005-05-08", "title": "SWITCH", "venue": "大宮ソニックシティ", "prefecture": "埼玉県" },
  { "id": "0184", "date": "2005-05-10", "title": "SWITCH", "venue": "神戸国際会館こくさいホール", "prefecture": "兵庫県" },
  { "id": "0185", "date": "2005-05-13", "title": "SWITCH", "venue": "大阪フェスティバルホール", "prefecture": "大阪府" },
  { "id": "0186", "date": "2005-05-14", "title": "SWITCH", "venue": "大阪フェスティバルホール", "prefecture": "大阪府" },
  { "id": "0187", "date": "2005-05-16", "title": "SWITCH", "venue": "滋賀県立芸術劇場びわ湖ホール", "prefecture": "滋賀県" },
  { "id": "0188", "date": "2005-05-19", "title": "SWITCH", "venue": "熊本市民会館", "prefecture": "熊本県" },
  { "id": "0189", "date": "2005-05-20", "title": "SWITCH", "venue": "長崎ブリックホール", "prefecture": "長崎県" },
  { "id": "0190", "date": "2005-05-23", "title": "SWITCH", "venue": "福岡サンパレス", "prefecture": "福岡県" },
  { "id": "0191", "date": "2005-05-24", "title": "SWITCH", "venue": "福岡サンパレス", "prefecture": "福岡県" },
  { "id": "0192", "date": "2005-05-28", "title": "SWITCH", "venue": "長良川国際会議場", "prefecture": "岐阜県" },
  { "id": "0193", "date": "2005-05-31", "title": "SWITCH", "venue": "三重県文化会館", "prefecture": "三重県" },
  { "id": "0194", "date": "2005-06-02", "title": "SWITCH", "venue": "名古屋センチュリーホール", "prefecture": "愛知県" },
  { "id": "0195", "date": "2005-06-03", "title": "SWITCH", "venue": "名古屋センチュリーホール", "prefecture": "愛知県" },
  { "id": "0196", "date": "2005-06-05", "title": "SWITCH", "venue": "広島厚生年金会館", "prefecture": "広島県" },
  { "id": "0197", "date": "2005-06-06", "title": "SWITCH", "venue": "広島厚生年金会館", "prefecture": "広島県" },
  { "id": "0198", "date": "2005-06-08", "title": "SWITCH", "venue": "島根県民会館", "prefecture": "島根県" },
  { "id": "0199", "date": "2005-06-11", "title": "SWITCH", "venue": "東京国際フォーラム・A", "prefecture": "東京都" },
  { "id": "0200", "date": "2005-06-12", "title": "SWITCH", "venue": "東京国際フォーラム・A", "prefecture": "東京都" },
  { "id": "0201", "date": "2005-06-19", "title": "SWITCH", "venue": "東京国際フォーラム・A", "prefecture": "東京都" },
  { "id": "0202", "date": "2005-06-22", "title": "SWITCH", "venue": "静岡市民文化会館", "prefecture": "静岡県" },
  { "id": "0203", "date": "2005-06-23", "title": "SWITCH", "venue": "静岡市民文化会館", "prefecture": "静岡県" },
  { "id": "0204", "date": "2005-06-25", "title": "SWITCH", "venue": "和歌山市民会館", "prefecture": "和歌山県" },
  { "id": "0205", "date": "2005-06-27", "title": "SWITCH", "venue": "倉敷市民会館", "prefecture": "岡山県" },
  { "id": "0206", "date": "2005-06-28", "title": "SWITCH", "venue": "香川県県民ホール", "prefecture": "香川県" },
  { "id": "0207", "date": "2005-06-30", "title": "SWITCH", "venue": "愛媛県県民文化会館", "prefecture": "愛媛県" },
  { "id": "0208", "date": "2005-07-23", "title": "SWITCH", "venue": "宜野湾海浜公園野外劇場（ポルノグラフテー）", "prefecture": "沖縄県" },
  { "id": "0209", "date": "2005-09-25", "title": "SWITCH", "venue": "山梨県立県民文化ホール", "prefecture": "山梨県" },
  { "id": "0210", "date": "2005-09-28", "title": "SWITCH", "venue": "福井フェニックスプラザ", "prefecture": "福井県" },
  { "id": "0211", "date": "2005-09-29", "title": "SWITCH", "venue": "石川厚生年金会館", "prefecture": "石川県" },
  { "id": "0212", "date": "2005-10-01", "title": "SWITCH", "venue": "新潟県民会館", "prefecture": "新潟県" },
  { "id": "0213", "date": "2005-10-03", "title": "SWITCH", "venue": "長野県松本文化会館", "prefecture": "長野県" },
  { "id": "0214", "date": "2005-10-05", "title": "SWITCH", "venue": "茨城県立県民文化センター", "prefecture": "茨城県" },
  { "id": "0215", "date": "2005-10-09", "title": "SWITCH", "venue": "山形県県民会館", "prefecture": "山形県" },
  { "id": "0216", "date": "2005-10-11", "title": "SWITCH", "venue": "仙台サンプラザホール", "prefecture": "宮城県" },
  { "id": "0217", "date": "2005-10-13", "title": "SWITCH", "venue": "岩手県民会館", "prefecture": "岩手県" },
  { "id": "0218", "date": "2005-10-16", "title": "SWITCH", "venue": "群馬県民会館", "prefecture": "群馬県" },
  { "id": "0219", "date": "2005-10-18", "title": "SWITCH", "venue": "郡山市民文化センター", "prefecture": "福島県" },
  { "id": "0220", "date": "2005-10-20", "title": "SWITCH", "venue": "栃木県総合文化センター", "prefecture": "栃木県" },
  { "id": "0221", "date": "2005-10-24", "title": "SWITCH", "venue": "函館市民会館", "prefecture": "北海道" },
  { "id": "0222", "date": "2005-10-26", "title": "SWITCH", "venue": "北海道厚生年金会館", "prefecture": "北海道" },
  { "id": "0223", "date": "2005-10-27", "title": "SWITCH", "venue": "北海道厚生年金会館", "prefecture": "北海道" },
  { "id": "0224", "date": "2005-10-29", "title": "SWITCH", "venue": "札幌ペニーレーン24（SPECIAL LIVE HOUSE公演）", "prefecture": "北海道" },
  { "id": "0225", "date": "2005-11-02", "title": "SWITCH", "venue": "秋田県民会館", "prefecture": "秋田県" },
  { "id": "0226", "date": "2005-11-04", "title": "SWITCH", "venue": "青森市文化会館", "prefecture": "青森県" },
  { "id": "0227", "date": "2005-11-09", "title": "SWITCH", "venue": "大阪フェスティバルホール ※追加公演", "prefecture": "大阪府" },
  { "id": "0228", "date": "2005-11-12", "title": "SWITCH", "venue": "名古屋センチュリーホール", "prefecture": "愛知県" },
  { "id": "0229", "date": "2005-12-13", "title": "SWITCH", "venue": "日本武道館 （SWITCH FINAL）", "prefecture": "東京都" },
  { "id": "0230", "date": "2005-12-14", "title": "SWITCH", "venue": "日本武道館 （SWITCH FINAL）", "prefecture": "東京都" },
  { "id": "0231", "date": "2005-12-16", "title": "SWITCH", "venue": "日本武道館 （SWITCH FINAL）", "prefecture": "東京都" },
  { "id": "0232", "date": "2005-12-17", "title": "SWITCH", "venue": "日本武道館 （SWITCH FINAL）", "prefecture": "東京都" },
  { "id": "0233", "date": "2005-12-18", "title": "SWITCH", "venue": "日本武道館 （SWITCH FINAL）", "prefecture": "東京都" },
  { "id": "0234", "date": "2005-08-17", "title": "C1000タケダ プレミアムLIVE", "venue": "SHIBUYA-AX", "prefecture": "東京都" },
  { "id": "0235", "date": "2005-08-24", "title": "C1000タケダ プレミアムLIVE", "venue": "なんばHatch", "prefecture": "大阪府" }
]

  
  


  
  
  
  
  
  
  


  
  
  
  
  
  
  




  


  


